{"stats":{"minecraft:used":{"minecraft:music_disc_relic":1,"creeperoverhaul:jungle_creeper_spawn_egg":1,"naturalist:cardinal_spawn_egg":1,"creeperoverhaul:mushroom_creeper_spawn_egg":1,"naturalist:bluejay_spawn_egg":1,"minecraft:dirt_path":1,"creeperoverhaul:dripstone_creeper_spawn_egg":1,"naturalist:canary_spawn_egg":1,"creeperoverhaul:desert_creeper_spawn_egg":2,"creeperoverhaul:badlands_creeper_spawn_egg":1,"naturalist:firefly_spawn_egg":1,"creeperoverhaul:swamp_creeper_spawn_egg":1,"creeperoverhaul:bamboo_creeper_spawn_egg":1,"naturalist:snake_spawn_egg":1,"naturalist:butterfly_spawn_egg":1,"minecraft:spyglass":2,"minecraft:crafting_table":1,"creeperoverhaul:hills_creeper_spawn_egg":1,"naturalist:coral_snake_spawn_egg":1,"naturalist:deer_spawn_egg":1,"naturalist:rattlesnake_spawn_egg":1,"creeperoverhaul:savannah_creeper_spawn_egg":1,"minecraft:enchanted_golden_apple":1,"minecraft:jukebox":1},"minecraft:crafted":{"minecraft:oak_planks":4},"minecraft:picked_up":{"minecraft:oak_door":1,"minecraft:music_disc_relic":1,"minecraft:oak_planks":3},"minecraft:custom":{"minecraft:time_since_rest":23396,"minecraft:sprint_one_cm":26130,"minecraft:walk_one_cm":70224,"minecraft:damage_taken":20,"minecraft:damage_absorbed":40,"minecraft:play_record":1,"minecraft:talked_to_villager":1,"minecraft:interact_with_crafting_table":3,"minecraft:fly_one_cm":518473,"minecraft:open_chest":2,"minecraft:crouch_one_cm":357,"minecraft:play_time":23396,"minecraft:sneak_time":227,"minecraft:walk_under_water_one_cm":570,"minecraft:jump":174,"minecraft:interact_with_stonecutter":1,"minecraft:leave_game":8,"minecraft:time_since_death":23396,"minecraft:walk_on_water_one_cm":230,"minecraft:total_world_time":23396,"minecraft:climb_one_cm":148,"minecraft:damage_resisted":10,"minecraft:fall_one_cm":1921}},"DataVersion":3465}