{"stats":{"minecraft:used":{"minecraft:spyglass":2,"minecraft:crafting_table":1},"minecraft:picked_up":{"minecraft:oak_planks":3},"minecraft:crafted":{"minecraft:oak_planks":4},"minecraft:custom":{"minecraft:jump":31,"minecraft:time_since_rest":5361,"minecraft:leave_game":2,"minecraft:sprint_one_cm":5189,"minecraft:play_time":5361,"minecraft:damage_taken":20,"minecraft:time_since_death":5361,"minecraft:walk_one_cm":11258,"minecraft:sneak_time":71,"minecraft:total_world_time":5361,"minecraft:climb_one_cm":116,"minecraft:interact_with_crafting_table":3,"minecraft:fall_one_cm":1169,"minecraft:fly_one_cm":104205}},"DataVersion":3465}