{"stats":{"minecraft:killed":{"minecraft:skeleton":1,"minecraft:villager":4,"naturalist:vulture":1,"minecraft:camel":1,"minecraft:iron_golem":1},"minecraft:custom":{"minecraft:jump":69,"minecraft:time_since_rest":14321,"minecraft:leave_game":4,"minecraft:sprint_one_cm":8506,"minecraft:play_time":14321,"minecraft:time_since_death":14321,"minecraft:walk_one_cm":18537,"minecraft:total_world_time":14321,"minecraft:mob_kills":8,"minecraft:fall_one_cm":685,"minecraft:fly_one_cm":40304},"minecraft:picked_up":{"minecraft:sweet_berries":2},"minecraft:used":{"supplementaries:bomb_blue":10,"immersive_weathering:ice_sickle":1}},"DataVersion":3465}