{"stats":{"minecraft:custom":{"minecraft:time_since_rest":8342,"minecraft:open_chest":1,"minecraft:crouch_one_cm":393,"minecraft:play_time":63107,"minecraft:sprint_one_cm":46432,"minecraft:deaths":1,"minecraft:damage_taken":40,"minecraft:walk_one_cm":100553,"minecraft:sneak_time":1144,"minecraft:walk_under_water_one_cm":2193,"minecraft:aviate_one_cm":988234,"minecraft:jump":381,"minecraft:damage_dealt":79,"minecraft:leave_game":21,"minecraft:walk_on_water_one_cm":3284,"minecraft:time_since_death":8315,"minecraft:climb_one_cm":566,"minecraft:total_world_time":63107,"minecraft:fall_one_cm":3125,"minecraft:fly_one_cm":1288060},"minecraft:used":{"minecraft:netherite_sword":1,"minecraft:spyglass":144,"minecraft:firework_rocket":71,"minecraft:grass_block":2,"minecraft:elytra":1,"minecraft:zombie_spawn_egg":2,"minecraft:orange_stained_glass_pane":9,"minecraft:snowball":30}},"DataVersion":3465}