{"stats":{"minecraft:custom":{"minecraft:jump":60,"minecraft:time_since_rest":10249,"minecraft:leave_game":4,"minecraft:sprint_one_cm":3622,"minecraft:play_time":10249,"minecraft:time_since_death":10249,"minecraft:walk_one_cm":21068,"minecraft:sneak_time":199,"minecraft:total_world_time":10249,"minecraft:fall_one_cm":1490,"minecraft:fly_one_cm":117774},"minecraft:used":{"minecraft:oak_fence":8,"minecraft:oak_planks":6,"minecraft:yellow_stained_glass_pane":10,"minecraft:mossy_cobblestone_wall":10,"minecraft:flint_and_steel":1,"minecraft:obsidian":17}},"DataVersion":3465}