{"stats":{"minecraft:picked_up":{"minecraft:sweet_berries":2},"minecraft:used":{"supplementaries:bomb_blue":10,"minecraft:sweet_berries":1,"immersive_weathering:ice_sickle":1,"minecraft:spider_spawn_egg":6},"minecraft:killed":{"minecraft:villager":4,"naturalist:vulture":1,"minecraft:skeleton":1,"minecraft:camel":1,"minecraft:iron_golem":1},"minecraft:custom":{"minecraft:jump":77,"minecraft:damage_dealt":10,"minecraft:time_since_rest":21581,"minecraft:leave_game":5,"minecraft:sprint_one_cm":9329,"minecraft:play_time":21581,"minecraft:time_since_death":21581,"minecraft:walk_one_cm":28625,"minecraft:sneak_time":69,"minecraft:total_world_time":21581,"minecraft:mob_kills":8,"minecraft:fall_one_cm":685,"minecraft:fly_one_cm":51550,"minecraft:crouch_one_cm":172}},"DataVersion":3465}