{"stats":{"minecraft:killed_by":{"naturalist:rhino":1},"minecraft:custom":{"minecraft:time_since_rest":4367,"minecraft:open_chest":3,"minecraft:interact_with_smithing_table":1,"minecraft:crouch_one_cm":135,"minecraft:play_time":11721,"minecraft:sprint_one_cm":10626,"minecraft:deaths":1,"minecraft:damage_taken":240,"minecraft:walk_one_cm":43598,"minecraft:bell_ring":5,"minecraft:sneak_time":131,"minecraft:drop":1,"minecraft:jump":118,"minecraft:damage_dealt":100,"minecraft:leave_game":5,"minecraft:time_since_death":4344,"minecraft:interact_with_smoker":6,"minecraft:total_world_time":11721,"minecraft:interact_with_crafting_table":1,"minecraft:fall_one_cm":2922,"minecraft:fly_one_cm":200014},"minecraft:picked_up":{"minecraft:stick":1,"travelersbackpack:standard":1,"minecraft:wheat_seeds":4,"minecraft:acacia_log":6,"minecraft:oak_sapling":1,"minecraft:acacia_sapling":2},"minecraft:mined":{"minecraft:grass":1,"immersive_weathering:acacia_leaf_pile":3,"treechop:chopped_log":1},"minecraft:dropped":{"travelersbackpack:standard":1},"minecraft:used":{"minecraft:flint_and_steel":2,"minecraft:iron_axe":7,"minecraft:chest":1}},"DataVersion":3465}