{"stats":{"minecraft:used":{"minecraft:netherite_sword":15,"minecraft:rose_bush":1,"minecraft:villager_spawn_egg":1,"minecraft:spyglass":27,"minecraft:spruce_door":4,"minecraft:iron_golem_spawn_egg":1,"minecraft:chest":4,"minecraft:enchanted_golden_apple":2},"minecraft:mined":{"minecraft:grass":1,"minecraft:rose_bush":1},"minecraft:picked_up":{"minecraft:arrow":2,"minecraft:bone":2,"minecraft:rotten_flesh":2,"minecraft:bow":1,"minecraft:netherite_sword":1,"minecraft:cherry_sapling":2,"minecraft:rose_bush":1,"minecraft:birch_sapling":1,"minecraft:mutton":4,"minecraft:string":2,"minecraft:white_wool":2},"minecraft:custom":{"minecraft:time_since_rest":31979,"minecraft:open_chest":6,"minecraft:crouch_one_cm":1934,"minecraft:play_time":31979,"minecraft:sprint_one_cm":20576,"minecraft:damage_absorbed":128,"minecraft:damage_taken":70,"minecraft:walk_one_cm":95618,"minecraft:sneak_time":591,"minecraft:mob_kills":6,"minecraft:drop":1,"minecraft:jump":232,"minecraft:damage_dealt":868,"minecraft:leave_game":11,"minecraft:walk_on_water_one_cm":362,"minecraft:time_since_death":31979,"minecraft:total_world_time":31979,"minecraft:damage_resisted":32,"minecraft:fall_one_cm":1801,"minecraft:fly_one_cm":518421},"minecraft:killed":{"minecraft:spider":1,"minecraft:sheep":2,"minecraft:skeleton":1,"minecraft:zombie":1},"minecraft:dropped":{"minecraft:netherite_sword":1}},"DataVersion":3465}