{"stats":{"minecraft:custom":{"minecraft:jump":50,"minecraft:open_chest":1,"minecraft:time_since_rest":5370,"minecraft:interact_with_smithing_table":1,"minecraft:crouch_one_cm":135,"minecraft:leave_game":2,"minecraft:sprint_one_cm":4907,"minecraft:play_time":5370,"minecraft:time_since_death":5370,"minecraft:walk_one_cm":15637,"minecraft:bell_ring":5,"minecraft:sneak_time":127,"minecraft:interact_with_smoker":6,"minecraft:total_world_time":5370,"minecraft:interact_with_crafting_table":1,"minecraft:fall_one_cm":418,"minecraft:fly_one_cm":145947},"minecraft:picked_up":{"minecraft:oak_sapling":1}},"DataVersion":3465}