{"stats":{"minecraft:used":{"minecraft:wooden_axe":3,"minecraft:bread":2,"minecraft:rotten_flesh":4,"minecraft:salmon":2,"minecraft:wooden_sword":43,"minecraft:crafting_table":2,"minecraft:carrot":3,"minecraft:oak_boat":4,"minecraft:potato":2},"minecraft:killed_by":{"creeperoverhaul:ocean_creeper":2,"minecraft:witch":1,"minecraft:zombie":1,"minecraft:enderman":1},"minecraft:dropped":{"minecraft:kelp":4},"minecraft:picked_up":{"minecraft:wooden_axe":1,"minecraft:stick":8,"minecraft:crafting_table":2,"minecraft:salmon":2,"minecraft:red_mushroom":2,"minecraft:potato":2,"minecraft:sand":14,"minecraft:carrot":3,"minecraft:vine":5,"minecraft:cyan_bed":4,"minecraft:redstone":2,"minecraft:string":13,"minecraft:wooden_sword":1,"minecraft:rotten_flesh":9,"minecraft:slime_ball":8,"minecraft:blue_orchid":1,"minecraft:kelp":4,"minecraft:oak_boat":4,"minecraft:bread":10,"minecraft:emerald":6,"minecraft:jack_o_lantern":2,"minecraft:glowstone_dust":2,"minecraft:oak_sapling":2,"minecraft:chest":2,"minecraft:oak_planks":53},"minecraft:crafted":{"minecraft:wooden_sword":1,"minecraft:oak_boat":2,"minecraft:oak_planks":52,"minecraft:crafting_table":2,"minecraft:stick":8,"minecraft:wooden_axe":1},"minecraft:mined":{"minecraft:jack_o_lantern":1,"minecraft:crafting_table":1,"minecraft:chest":1,"minecraft:vine":4,"minecraft:sand":16,"minecraft:packed_ice":6,"minecraft:cobweb":8,"minecraft:cyan_bed":4},"minecraft:killed":{"minecraft:zombie":1,"minecraft:witch":2,"minecraft:salmon":3,"minecraft:slime":5},"minecraft:custom":{"minecraft:time_since_rest":145,"minecraft:sprint_one_cm":217279,"minecraft:damage_taken":1848,"minecraft:walk_one_cm":130644,"minecraft:mob_kills":11,"minecraft:drop":4,"minecraft:damage_dealt":1320,"minecraft:swim_one_cm":329922,"minecraft:interact_with_crafting_table":6,"minecraft:fly_one_cm":203878,"minecraft:open_chest":12,"minecraft:crouch_one_cm":1331,"minecraft:play_time":78787,"minecraft:deaths":7,"minecraft:sneak_time":841,"minecraft:walk_under_water_one_cm":60919,"minecraft:boat_one_cm":544437,"minecraft:jump":833,"minecraft:leave_game":5,"minecraft:time_since_death":119,"minecraft:walk_on_water_one_cm":111509,"minecraft:sleep_in_bed":2,"minecraft:total_world_time":78787,"minecraft:climb_one_cm":2669,"minecraft:fall_one_cm":12348}},"DataVersion":3465}