{"stats":{"minecraft:custom":{"minecraft:jump":76,"minecraft:time_since_rest":11891,"minecraft:leave_game":5,"minecraft:sprint_one_cm":3622,"minecraft:play_time":11891,"minecraft:time_since_death":11891,"minecraft:walk_one_cm":30190,"minecraft:sneak_time":199,"minecraft:total_world_time":11891,"minecraft:fall_one_cm":1490,"minecraft:fly_one_cm":117801},"minecraft:used":{"minecraft:oak_fence":8,"minecraft:oak_planks":6,"minecraft:yellow_stained_glass_pane":10,"minecraft:mossy_cobblestone_wall":10,"minecraft:flint_and_steel":1,"minecraft:obsidian":17}},"DataVersion":3465}