{"stats":{"minecraft:picked_up":{"minecraft:oak_planks":3},"minecraft:crafted":{"minecraft:oak_planks":4},"minecraft:used":{"naturalist:snake_spawn_egg":1,"naturalist:cardinal_spawn_egg":1,"naturalist:butterfly_spawn_egg":1,"minecraft:spyglass":2,"naturalist:bluejay_spawn_egg":1,"minecraft:crafting_table":1,"naturalist:coral_snake_spawn_egg":1,"naturalist:deer_spawn_egg":1,"naturalist:canary_spawn_egg":1,"naturalist:rattlesnake_spawn_egg":1,"naturalist:firefly_spawn_egg":1},"minecraft:custom":{"minecraft:time_since_rest":6928,"minecraft:crouch_one_cm":312,"minecraft:play_time":6928,"minecraft:sprint_one_cm":6011,"minecraft:damage_taken":20,"minecraft:walk_one_cm":18950,"minecraft:sneak_time":134,"minecraft:jump":37,"minecraft:leave_game":3,"minecraft:time_since_death":6928,"minecraft:climb_one_cm":116,"minecraft:total_world_time":6928,"minecraft:interact_with_crafting_table":3,"minecraft:fall_one_cm":1169,"minecraft:fly_one_cm":138143}},"DataVersion":3465}