{"stats":{"minecraft:custom":{"minecraft:time_since_rest":15307,"minecraft:open_chest":1,"minecraft:play_time":15307,"minecraft:sprint_one_cm":10639,"minecraft:damage_absorbed":128,"minecraft:damage_taken":50,"minecraft:walk_one_cm":48786,"minecraft:mob_kills":3,"minecraft:jump":110,"minecraft:damage_dealt":360,"minecraft:leave_game":8,"minecraft:time_since_death":15307,"minecraft:total_world_time":15307,"minecraft:damage_resisted":32,"minecraft:fall_one_cm":756,"minecraft:fly_one_cm":290445},"minecraft:picked_up":{"minecraft:arrow":2,"minecraft:bone":2,"minecraft:bow":1,"minecraft:cherry_sapling":2,"minecraft:mutton":4,"minecraft:birch_sapling":1,"minecraft:white_wool":2},"minecraft:killed":{"minecraft:sheep":2,"minecraft:skeleton":1},"minecraft:used":{"minecraft:netherite_sword":7,"minecraft:spyglass":12,"minecraft:villager_spawn_egg":1,"minecraft:spruce_door":4,"minecraft:iron_golem_spawn_egg":1,"minecraft:enchanted_golden_apple":2}},"DataVersion":3465}