{"stats":{"minecraft:killed":{"minecraft:zombie":1,"minecraft:witch":2,"minecraft:salmon":3,"minecraft:slime":5},"minecraft:crafted":{"minecraft:wooden_sword":1,"minecraft:oak_boat":2,"minecraft:oak_planks":52,"minecraft:crafting_table":2,"minecraft:stick":8,"minecraft:wooden_axe":1},"minecraft:killed_by":{"creeperoverhaul:ocean_creeper":1,"minecraft:witch":1,"minecraft:zombie":1,"minecraft:enderman":1},"minecraft:used":{"minecraft:wooden_axe":3,"minecraft:bread":1,"minecraft:rotten_flesh":4,"minecraft:salmon":2,"minecraft:wooden_sword":43,"minecraft:crafting_table":2,"minecraft:oak_boat":1,"minecraft:carrot":3,"minecraft:potato":2},"minecraft:mined":{"minecraft:jack_o_lantern":1,"minecraft:crafting_table":1,"minecraft:vine":4,"minecraft:chest":1,"minecraft:sand":16,"minecraft:packed_ice":6,"minecraft:cobweb":8,"minecraft:cyan_bed":4},"minecraft:picked_up":{"minecraft:wooden_axe":1,"minecraft:stick":8,"minecraft:crafting_table":2,"minecraft:salmon":2,"minecraft:red_mushroom":2,"minecraft:potato":2,"minecraft:sand":14,"minecraft:vine":5,"minecraft:carrot":3,"minecraft:cyan_bed":4,"minecraft:redstone":2,"minecraft:string":13,"minecraft:wooden_sword":1,"minecraft:blue_orchid":1,"minecraft:slime_ball":8,"minecraft:rotten_flesh":9,"minecraft:kelp":4,"minecraft:oak_boat":2,"minecraft:jack_o_lantern":2,"minecraft:emerald":6,"minecraft:bread":10,"minecraft:glowstone_dust":2,"minecraft:oak_sapling":2,"minecraft:chest":2,"minecraft:oak_planks":53},"minecraft:dropped":{"minecraft:kelp":4},"minecraft:custom":{"minecraft:time_since_rest":6688,"minecraft:sprint_one_cm":217279,"minecraft:walk_one_cm":130265,"minecraft:damage_taken":1598,"minecraft:mob_kills":11,"minecraft:drop":4,"minecraft:damage_dealt":1320,"minecraft:swim_one_cm":300566,"minecraft:interact_with_crafting_table":6,"minecraft:fly_one_cm":203838,"minecraft:open_chest":12,"minecraft:crouch_one_cm":1331,"minecraft:play_time":69485,"minecraft:deaths":6,"minecraft:sneak_time":835,"minecraft:walk_under_water_one_cm":57812,"minecraft:boat_one_cm":211040,"minecraft:jump":832,"minecraft:leave_game":4,"minecraft:time_since_death":6645,"minecraft:walk_on_water_one_cm":106788,"minecraft:sleep_in_bed":2,"minecraft:total_world_time":69485,"minecraft:climb_one_cm":2669,"minecraft:fall_one_cm":12348}},"DataVersion":3465}