{"stats":{"minecraft:used":{"minecraft:oak_planks":6,"minecraft:oak_fence":8,"minecraft:yellow_stained_glass_pane":10,"minecraft:mossy_cobblestone_wall":10},"minecraft:custom":{"minecraft:jump":54,"minecraft:time_since_rest":6991,"minecraft:leave_game":3,"minecraft:sprint_one_cm":3622,"minecraft:play_time":6991,"minecraft:time_since_death":6991,"minecraft:walk_one_cm":14011,"minecraft:sneak_time":193,"minecraft:total_world_time":6991,"minecraft:fall_one_cm":1490,"minecraft:fly_one_cm":117774}},"DataVersion":3465}