{"stats":{"minecraft:custom":{"minecraft:time_since_rest":25566,"minecraft:open_chest":1,"minecraft:crouch_one_cm":378,"minecraft:play_time":25566,"minecraft:sprint_one_cm":19440,"minecraft:damage_absorbed":128,"minecraft:damage_taken":50,"minecraft:walk_one_cm":67727,"minecraft:sneak_time":94,"minecraft:mob_kills":4,"minecraft:jump":179,"minecraft:damage_dealt":560,"minecraft:leave_game":9,"minecraft:walk_on_water_one_cm":362,"minecraft:time_since_death":25566,"minecraft:total_world_time":25566,"minecraft:damage_resisted":32,"minecraft:fall_one_cm":965,"minecraft:fly_one_cm":458147},"minecraft:killed":{"minecraft:sheep":2,"minecraft:skeleton":1,"minecraft:zombie":1},"minecraft:picked_up":{"minecraft:arrow":2,"minecraft:bone":2,"minecraft:bow":1,"minecraft:cherry_sapling":2,"minecraft:mutton":4,"minecraft:birch_sapling":1,"minecraft:white_wool":2},"minecraft:used":{"minecraft:netherite_sword":10,"minecraft:spyglass":27,"minecraft:villager_spawn_egg":1,"minecraft:spruce_door":4,"minecraft:iron_golem_spawn_egg":1,"minecraft:enchanted_golden_apple":2}},"DataVersion":3465}