{"stats":{"minecraft:used":{"minecraft:spyglass":121,"minecraft:snowball":30,"minecraft:grass_block":2},"minecraft:custom":{"minecraft:jump":292,"minecraft:open_chest":1,"minecraft:time_since_rest":42393,"minecraft:leave_game":10,"minecraft:play_time":42393,"minecraft:sprint_one_cm":40600,"minecraft:damage_taken":40,"minecraft:time_since_death":42393,"minecraft:walk_one_cm":66348,"minecraft:walk_under_water_one_cm":1171,"minecraft:sneak_time":416,"minecraft:total_world_time":42393,"minecraft:climb_one_cm":342,"minecraft:fall_one_cm":3125,"minecraft:fly_one_cm":1007515}},"DataVersion":3465}