{"stats":{"minecraft:picked_up":{"minecraft:crafting_table":5,"minecraft:wheat":2,"minecraft:jungle_boat":2,"minecraft:jungle_log":19,"minecraft:leather":2,"ecologics:seashell":1,"minecraft:potato":4,"minecraft:enchanted_book":1,"minecraft:oak_log":6,"minecraft:string":1,"minecraft:red_bed":2,"minecraft:apple":2,"minecraft:wheat_seeds":4,"minecraft:beef":1,"minecraft:azalea":5,"minecraft:iron_pickaxe":1,"minecraft:moss_block":1,"minecraft:melon_slice":66,"minecraft:sugar_cane":2,"minecraft:oak_planks":3,"minecraft:flowering_azalea":3,"minecraft:furnace":2,"minecraft:dark_oak_sapling":14,"minecraft:stick":25,"ecologics:coconut_slice":2,"minecraft:torch":1,"minecraft:green_bed":1,"minecraft:jungle_planks":8,"minecraft:sandstone_wall":1,"minecraft:sand":16,"minecraft:dark_oak_log":47,"minecraft:dark_oak_planks":2,"minecraft:rotten_flesh":14,"minecraft:hay_block":6,"minecraft:cyan_terracotta":1,"minecraft:bread":15,"minecraft:mutton":2,"minecraft:iron_bars":12,"minecraft:andesite_slab":2,"minecraft:white_wool":1,"minecraft:cobblestone":3},"minecraft:custom":{"minecraft:mob_kills":11,"minecraft:interact_with_crafting_table":9,"minecraft:leave_game":2,"minecraft:time_since_death":40070,"minecraft:sleep_in_bed":1,"minecraft:climb_one_cm":2523,"minecraft:time_since_rest":40088,"minecraft:sprint_one_cm":327442,"minecraft:damage_taken":2992,"minecraft:walk_one_cm":412174,"minecraft:drop":5,"minecraft:damage_dealt":2698,"minecraft:swim_one_cm":74316,"minecraft:talked_to_villager":1,"minecraft:fly_one_cm":197883,"minecraft:open_chest":15,"minecraft:crouch_one_cm":307,"minecraft:play_time":116059,"minecraft:deaths":8,"minecraft:sneak_time":382,"minecraft:walk_under_water_one_cm":9466,"minecraft:boat_one_cm":559477,"minecraft:jump":1826,"minecraft:walk_on_water_one_cm":18633,"minecraft:total_world_time":116059,"minecraft:interact_with_smoker":3,"minecraft:fall_one_cm":36255,"minecraft:horse_one_cm":244156},"minecraft:mined":{"minecraft:dark_oak_planks":2,"minecraft:red_bed":2,"supplementaries:book_pile":1,"minecraft:crafting_table":5,"minecraft:melon":14,"minecraft:moss_block":1,"minecraft:wall_torch":1,"minecraft:hay_block":6,"ecologics:seashell":1,"minecraft:iron_ore":1,"treechop:chopped_log":3,"minecraft:grass":25,"minecraft:oak_log":6,"minecraft:iron_bars":8,"minecraft:sand":16,"minecraft:stone":3,"immersive_weathering:dark_oak_leaf_pile":5,"minecraft:fern":6,"minecraft:green_bed":1},"minecraft:dropped":{"minecraft:bread":1,"minecraft:furnace":1,"minecraft:wheat":2,"minecraft:wooden_sword":1},"minecraft:killed_by":{"minecraft:husk":1,"creeperoverhaul:ocean_creeper":1,"naturalist:rattlesnake":1,"minecraft:player":1,"minecraft:skeleton":1,"minecraft:zombie":1,"naturalist:hippo":1},"minecraft:killed":{"minecraft:husk":6,"minecraft:sheep":1,"minecraft:zombie":1,"friendsandfoes:mauler":1,"minecraft:drowned":1,"minecraft:cow":1},"minecraft:used":{"minecraft:stone_sword":12,"minecraft:stone_pickaxe":7,"minecraft:wooden_shovel":1,"minecraft:jungle_boat":2,"minecraft:sand":1,"minecraft:crafting_table":4,"minecraft:red_bed":1,"minecraft:jungle_planks":5,"minecraft:dark_oak_planks":3,"minecraft:wooden_axe":35,"minecraft:apple":2,"minecraft:melon_slice":28,"minecraft:bread":12,"minecraft:iron_pickaxe":9,"minecraft:jungle_log":6,"minecraft:enchanted_book":1,"minecraft:wooden_sword":28,"minecraft:goat_horn":4},"minecraft:crafted":{"minecraft:wooden_sword":2,"minecraft:oak_planks":16,"minecraft:wooden_shovel":2,"minecraft:crafting_table":3,"minecraft:jungle_boat":1,"minecraft:jungle_planks":52,"minecraft:stick":152,"minecraft:stone_pickaxe":1,"minecraft:wooden_axe":1,"minecraft:stone_sword":1,"minecraft:dark_oak_planks":188}},"DataVersion":3465}