{"stats":{"minecraft:mined":{"minecraft:grass":1,"immersive_weathering:acacia_leaf_pile":3,"treechop:chopped_log":1},"minecraft:picked_up":{"minecraft:stick":1,"minecraft:wheat_seeds":4,"minecraft:acacia_log":6,"minecraft:oak_sapling":1,"minecraft:acacia_sapling":2},"minecraft:custom":{"minecraft:time_since_rest":757,"minecraft:open_chest":1,"minecraft:interact_with_smithing_table":1,"minecraft:crouch_one_cm":135,"minecraft:play_time":8111,"minecraft:sprint_one_cm":9781,"minecraft:deaths":1,"minecraft:damage_taken":240,"minecraft:walk_one_cm":32342,"minecraft:bell_ring":5,"minecraft:sneak_time":127,"minecraft:jump":96,"minecraft:damage_dealt":90,"minecraft:leave_game":3,"minecraft:time_since_death":734,"minecraft:interact_with_smoker":6,"minecraft:total_world_time":8111,"minecraft:interact_with_crafting_table":1,"minecraft:fall_one_cm":2922,"minecraft:fly_one_cm":168338},"minecraft:used":{"minecraft:iron_axe":7},"minecraft:killed_by":{"naturalist:rhino":1}},"DataVersion":3465}