{"stats":{"minecraft:picked_up":{"minecraft:music_disc_relic":1,"minecraft:oak_planks":3},"minecraft:used":{"naturalist:snake_spawn_egg":1,"naturalist:cardinal_spawn_egg":1,"naturalist:butterfly_spawn_egg":1,"naturalist:bluejay_spawn_egg":1,"minecraft:spyglass":2,"minecraft:crafting_table":1,"naturalist:coral_snake_spawn_egg":1,"naturalist:deer_spawn_egg":1,"naturalist:canary_spawn_egg":1,"naturalist:rattlesnake_spawn_egg":1,"naturalist:firefly_spawn_egg":1,"minecraft:jukebox":1,"minecraft:music_disc_relic":1},"minecraft:crafted":{"minecraft:oak_planks":4},"minecraft:custom":{"minecraft:time_since_rest":8709,"minecraft:crouch_one_cm":312,"minecraft:play_time":8709,"minecraft:sprint_one_cm":11230,"minecraft:damage_taken":20,"minecraft:walk_one_cm":23554,"minecraft:sneak_time":134,"minecraft:jump":55,"minecraft:leave_game":4,"minecraft:play_record":1,"minecraft:time_since_death":8709,"minecraft:climb_one_cm":148,"minecraft:total_world_time":8709,"minecraft:interact_with_crafting_table":3,"minecraft:fall_one_cm":1169,"minecraft:fly_one_cm":159421}},"DataVersion":3465}