{"stats":{"minecraft:picked_up":{"minecraft:music_disc_relic":1,"minecraft:oak_planks":3},"minecraft:custom":{"minecraft:time_since_rest":12176,"minecraft:walk_under_water_one_cm":570,"minecraft:crouch_one_cm":312,"minecraft:play_time":12176,"minecraft:sprint_one_cm":16051,"minecraft:damage_absorbed":40,"minecraft:damage_taken":20,"minecraft:walk_one_cm":35581,"minecraft:sneak_time":134,"minecraft:jump":72,"minecraft:walk_on_water_one_cm":230,"minecraft:leave_game":5,"minecraft:play_record":1,"minecraft:time_since_death":12176,"minecraft:damage_resisted":10,"minecraft:climb_one_cm":148,"minecraft:total_world_time":12176,"minecraft:open_chest":1,"minecraft:interact_with_crafting_table":3,"minecraft:fall_one_cm":1921,"minecraft:fly_one_cm":232648},"minecraft:crafted":{"minecraft:oak_planks":4},"minecraft:used":{"minecraft:music_disc_relic":1,"creeperoverhaul:jungle_creeper_spawn_egg":1,"naturalist:cardinal_spawn_egg":1,"naturalist:butterfly_spawn_egg":1,"creeperoverhaul:mushroom_creeper_spawn_egg":1,"naturalist:bluejay_spawn_egg":1,"minecraft:spyglass":2,"creeperoverhaul:dripstone_creeper_spawn_egg":1,"minecraft:crafting_table":1,"creeperoverhaul:hills_creeper_spawn_egg":1,"naturalist:coral_snake_spawn_egg":1,"naturalist:deer_spawn_egg":1,"naturalist:canary_spawn_egg":1,"naturalist:rattlesnake_spawn_egg":1,"minecraft:enchanted_golden_apple":1,"creeperoverhaul:desert_creeper_spawn_egg":1,"creeperoverhaul:badlands_creeper_spawn_egg":1,"creeperoverhaul:savannah_creeper_spawn_egg":1,"naturalist:firefly_spawn_egg":1,"minecraft:jukebox":1,"creeperoverhaul:swamp_creeper_spawn_egg":1,"creeperoverhaul:bamboo_creeper_spawn_egg":1,"naturalist:snake_spawn_egg":1}},"DataVersion":3465}