{"stats":{"minecraft:picked_up":{"minecraft:crafting_table":1,"ecologics:walnut":3,"minecraft:wooden_pickaxe":1,"minecraft:tuff":1,"ecologics:walnut_sapling":6,"minecraft:wheat_seeds":8,"minecraft:stone_pickaxe":1,"minecraft:light_gray_wool":19,"minecraft:gray_bed":1,"minecraft:chest":1,"ecologics:crab_claw":2,"minecraft:furnace":2,"minecraft:stick":9,"minecraft:black_candle":1,"ecologics:coconut_slice":14,"ecologics:coconut_seedling":9,"minecraft:sand":1,"ecologics:coconut_husk":16,"minecraft:light_gray_bed":1,"minecraft:rotten_flesh":2,"minecraft:stone_axe":1,"minecraft:hay_block":7,"ecologics:coconut_log":59,"minecraft:emerald":1,"minecraft:dark_oak_fence":2,"minecraft:cobblestone":14},"minecraft:mined":{"minecraft:tuff":1,"minecraft:crafting_table":1,"minecraft:dark_oak_fence":4,"immersive_weathering:dune_grass":3,"minecraft:tall_grass":32,"minecraft:cobblestone":10,"minecraft:hay_block":7,"minecraft:gray_bed":1,"minecraft:light_gray_wool":12,"treechop:chopped_log":2,"minecraft:grass":34,"minecraft:sand":1,"immersive_weathering:ecologics/walnut_leaf_pile":14},"minecraft:killed_by":{"minecraft:player":1},"minecraft:used":{"minecraft:chest":1,"minecraft:wooden_pickaxe":13,"minecraft:cookie":3,"minecraft:crafting_table":2,"minecraft:crossbow":1,"minecraft:wooden_axe":34,"minecraft:bread":1,"ecologics:coconut_slice":6,"minecraft:cobblestone":3,"minecraft:gray_bed":1,"ecologics:walnut":3,"minecraft:cooked_beef":2,"minecraft:light_gray_bed":2},"minecraft:dropped":{"minecraft:furnace":2,"minecraft:stone_axe":1,"ecologics:coconut_seedling":1,"ecologics:crab_claw":1,"minecraft:wooden_axe":1,"ecologics:coconut_husk":22,"minecraft:stone_pickaxe":1,"minecraft:wooden_pickaxe":1},"minecraft:crafted":{"minecraft:crafting_table":1,"ecologics:coconut_planks":40,"minecraft:wooden_pickaxe":1,"minecraft:bread":21,"minecraft:light_gray_bed":1,"minecraft:stick":8,"minecraft:stone_pickaxe":1,"minecraft:wooden_axe":1,"minecraft:stone_sword":1,"minecraft:wheat":63},"minecraft:killed":{"minecraft:vindicator":1,"minecraft:pillager":1},"minecraft:custom":{"minecraft:mob_kills":2,"minecraft:interact_with_crafting_table":5,"minecraft:open_barrel":6,"minecraft:eat_cake_slice":1,"minecraft:time_since_death":64,"minecraft:sleep_in_bed":2,"minecraft:climb_one_cm":28,"minecraft:time_since_rest":97,"minecraft:sprint_one_cm":145734,"minecraft:damage_taken":564,"minecraft:walk_one_cm":169293,"minecraft:drop":9,"minecraft:damage_dealt":275,"minecraft:swim_one_cm":2533,"minecraft:talked_to_villager":3,"minecraft:fly_one_cm":110242,"minecraft:open_chest":10,"minecraft:crouch_one_cm":104,"minecraft:play_time":35164,"minecraft:deaths":1,"minecraft:sneak_time":38,"minecraft:walk_under_water_one_cm":219,"minecraft:jump":732,"minecraft:walk_on_water_one_cm":4006,"minecraft:total_world_time":35164,"minecraft:fall_one_cm":10940}},"DataVersion":3465}