{"stats":{"minecraft:custom":{"minecraft:time_since_rest":6892,"minecraft:open_chest":1,"minecraft:crouch_one_cm":393,"minecraft:play_time":61657,"minecraft:sprint_one_cm":46208,"minecraft:deaths":1,"minecraft:damage_taken":40,"minecraft:walk_one_cm":96967,"minecraft:sneak_time":1135,"minecraft:walk_under_water_one_cm":2193,"minecraft:aviate_one_cm":988234,"minecraft:jump":373,"minecraft:leave_game":20,"minecraft:walk_on_water_one_cm":3284,"minecraft:time_since_death":6865,"minecraft:climb_one_cm":566,"minecraft:total_world_time":61657,"minecraft:fall_one_cm":3125,"minecraft:fly_one_cm":1255582},"minecraft:used":{"minecraft:spyglass":144,"minecraft:firework_rocket":71,"minecraft:grass_block":2,"minecraft:elytra":1,"minecraft:snowball":30,"minecraft:orange_stained_glass_pane":9}},"DataVersion":3465}