{"stats":{"minecraft:used":{"minecraft:cooked_mutton":2,"minecraft:stone_sword":13,"minecraft:stone_pickaxe":17,"minecraft:wooden_pickaxe":43,"minecraft:leather_boots":1,"minecraft:rotten_flesh":5,"minecraft:sand":29,"minecraft:crafting_table":3,"minecraft:carrot":2,"minecraft:white_bed":1,"minecraft:redstone_torch":4,"minecraft:apple":2,"minecraft:bread":8,"minecraft:stone_axe":25,"minecraft:sweet_berries":10,"minecraft:furnace":1,"minecraft:potato":4},"minecraft:picked_up":{"minecraft:crafting_table":2,"minecraft:brown_mushroom":1,"minecraft:dirt":12,"minecraft:apple":2,"minecraft:kelp":4,"minecraft:redstone_torch":5,"minecraft:moss_block":1,"minecraft:furnace":1,"minecraft:dark_oak_sapling":4,"minecraft:stick":12,"minecraft:sweet_berries":22,"minecraft:gravel":1,"minecraft:sand":50,"minecraft:spruce_sapling":12,"minecraft:white_bed":1,"minecraft:spruce_log":47,"minecraft:dark_oak_log":16,"minecraft:mutton":4,"minecraft:coal":7,"minecraft:white_wool":3,"minecraft:cobblestone":41},"minecraft:dropped":{"minecraft:bread":1,"minecraft:rotten_flesh":7,"minecraft:carrot":3,"minecraft:potato":2},"minecraft:crafted":{"minecraft:oak_planks":4,"minecraft:crafting_table":2,"minecraft:wooden_pickaxe":1,"minecraft:furnace":1,"minecraft:stone_axe":1,"minecraft:cooked_mutton":4,"minecraft:air":0,"minecraft:stick":8,"minecraft:stone_pickaxe":1,"minecraft:stone_sword":1,"minecraft:white_bed":1,"minecraft:dark_oak_planks":64},"minecraft:mined":{"minecraft:brown_mushroom":1,"minecraft:white_bed":1,"immersive_weathering:icicle":2,"immersive_weathering:spruce_leaf_pile":9,"minecraft:dark_oak_log":1,"ecologics:thin_ice":2,"minecraft:crafting_table":2,"minecraft:grass_block":4,"minecraft:tall_grass":1,"minecraft:moss_block":1,"minecraft:furnace":1,"minecraft:redstone_torch":3,"minecraft:sweet_berry_bush":12,"minecraft:ice":2,"treechop:chopped_log":3,"minecraft:grass":2,"minecraft:coal_ore":8,"minecraft:gravel":1,"minecraft:sand":31,"minecraft:dirt":8,"minecraft:packed_ice":27,"minecraft:stone":41,"immersive_weathering:dark_oak_leaf_pile":2},"minecraft:killed":{"minecraft:sheep":3},"minecraft:custom":{"minecraft:interact_with_furnace":6,"minecraft:mob_kills":3,"minecraft:interact_with_crafting_table":4,"minecraft:leave_game":3,"minecraft:time_since_death":76244,"minecraft:sleep_in_bed":2,"minecraft:climb_one_cm":8,"minecraft:time_since_rest":3531,"minecraft:sprint_one_cm":82667,"minecraft:walk_one_cm":148770,"minecraft:damage_taken":682,"minecraft:drop":13,"minecraft:damage_dealt":559,"minecraft:swim_one_cm":588141,"minecraft:fly_one_cm":176824,"minecraft:open_chest":3,"minecraft:play_time":76244,"minecraft:sneak_time":101,"minecraft:walk_under_water_one_cm":46199,"minecraft:jump":789,"minecraft:walk_on_water_one_cm":87883,"minecraft:total_world_time":76244,"minecraft:fall_one_cm":12904}},"DataVersion":3465}