{"stats":{"minecraft:broken":{"minecraft:wooden_axe":1},"minecraft:picked_up":{"minecraft:cut_sandstone":4,"minecraft:crafting_table":2,"minecraft:wheat":77,"minecraft:clay_ball":1,"minecraft:jungle_log":43,"minecraft:leather_leggings":1,"minecraft:leather":3,"ecologics:seashell":1,"minecraft:potato":63,"minecraft:enchanted_book":4,"minecraft:lily_pad":1,"minecraft:string":1,"minecraft:dirt":18,"minecraft:red_bed":2,"minecraft:paper":3,"minecraft:moss_carpet":8,"minecraft:wooden_sword":1,"minecraft:bone":5,"minecraft:apple":1,"minecraft:beetroot":11,"minecraft:wheat_seeds":71,"minecraft:beef":3,"minecraft:stone_pickaxe":1,"minecraft:iron_nugget":1,"minecraft:azalea":20,"minecraft:light_gray_wool":3,"minecraft:bamboo":8,"minecraft:moss_block":1,"minecraft:melon_slice":186,"minecraft:sugar_cane":184,"minecraft:flowering_azalea":2,"minecraft:furnace":1,"minecraft:book":1,"minecraft:raw_iron":4,"minecraft:dark_oak_sapling":21,"minecraft:stick":25,"minecraft:acacia_log":1,"ecologics:coconut_seedling":2,"minecraft:jungle_planks":2,"minecraft:porkchop":1,"minecraft:sand":15,"minecraft:dead_bush":4,"minecraft:carrot":120,"minecraft:chiseled_sandstone":1,"minecraft:dark_oak_log":56,"minecraft:spider_eye":2,"minecraft:rotten_flesh":4,"minecraft:cactus":18,"minecraft:arrow":1,"minecraft:beetroot_seeds":28,"ecologics:coconut_log":12,"minecraft:hay_block":18,"travelersbackpack:chicken":1,"minecraft:saddle":1,"minecraft:bread":32,"minecraft:emerald":1,"minecraft:mutton":1,"minecraft:white_wool":1,"immersive_weathering:azalea_flowers":1,"minecraft:cobblestone":37},"minecraft:custom":{"minecraft:mob_kills":27,"minecraft:interact_with_crafting_table":5,"minecraft:leave_game":1,"minecraft:time_since_death":37326,"minecraft:sleep_in_bed":5,"minecraft:climb_one_cm":3888,"minecraft:time_since_rest":37350,"minecraft:sprint_one_cm":193949,"minecraft:damage_taken":2752,"minecraft:walk_one_cm":385451,"minecraft:drop":10,"minecraft:damage_dealt":5216,"minecraft:swim_one_cm":66966,"minecraft:talked_to_villager":5,"minecraft:fly_one_cm":215599,"minecraft:player_kills":1,"minecraft:open_chest":32,"minecraft:crouch_one_cm":184,"minecraft:play_time":111595,"minecraft:deaths":5,"minecraft:sneak_time":1731,"minecraft:walk_under_water_one_cm":17050,"minecraft:boat_one_cm":556476,"minecraft:jump":1515,"minecraft:walk_on_water_one_cm":16041,"minecraft:interact_with_smoker":3,"minecraft:total_world_time":111595,"minecraft:fall_one_cm":40556,"minecraft:horse_one_cm":262516},"minecraft:mined":{"minecraft:cut_sandstone":4,"minecraft:acacia_leaves":2,"minecraft:cyan_terracotta":1,"minecraft:red_bed":2,"minecraft:mossy_stone_brick_slab":2,"minecraft:crafting_table":2,"minecraft:acacia_log":1,"minecraft:grass_block":4,"minecraft:melon":22,"minecraft:dead_bush":3,"minecraft:andesite_slab":1,"minecraft:stone_slab":1,"minecraft:tall_grass":5,"minecraft:moss_block":2,"minecraft:kelp":1,"minecraft:lily_pad":4,"minecraft:sugar_cane":76,"minecraft:chiseled_stone_bricks":4,"minecraft:hay_block":6,"minecraft:chiseled_sandstone":1,"minecraft:furnace":1,"minecraft:carrots":11,"ecologics:seashell":1,"minecraft:iron_ore":3,"minecraft:wheat":13,"treechop:chopped_log":5,"minecraft:grass":23,"minecraft:vine":3,"minecraft:potatoes":9,"minecraft:beetroots":5,"minecraft:iron_bars":13,"minecraft:sand":17,"minecraft:dirt":15,"minecraft:sandstone_wall":2,"minecraft:cracked_stone_bricks":3,"minecraft:bamboo":2,"minecraft:stone_bricks":4,"minecraft:stone":46,"minecraft:small_dripleaf":3,"minecraft:mossy_stone_bricks":9,"minecraft:oak_leaves":2,"ecologics:coconut_seedling":1,"immersive_weathering:dark_oak_leaf_pile":48,"minecraft:fern":2},"minecraft:dropped":{"minecraft:bread":15,"minecraft:furnace":1,"minecraft:moss_carpet":8,"minecraft:sugar_cane":1,"minecraft:light_gray_wool":3,"minecraft:dirt":13,"minecraft:spider_eye":1,"minecraft:sand":1,"minecraft:iron_pickaxe":1},"minecraft:killed_by":{"creeperoverhaul:ocean_creeper":2,"naturalist:rattlesnake":2,"naturalist:hippo":1},"minecraft:used":{"minecraft:stone_pickaxe":16,"minecraft:wooden_pickaxe":7,"minecraft:iron_sword":31,"minecraft:jungle_boat":1,"minecraft:sand":10,"minecraft:dirt":4,"minecraft:crafting_table":3,"minecraft:red_bed":1,"minecraft:wooden_axe":53,"minecraft:apple":1,"minecraft:bread":17,"minecraft:melon_slice":41,"minecraft:iron_pickaxe":81,"minecraft:golden_sword":19,"minecraft:wooden_sword":1,"ecologics:coconut_seedling":2},"minecraft:killed":{"naturalist:zebra":1,"naturalist:rattlesnake":2,"minecraft:husk":5,"minecraft:spider":4,"naturalist:tortoise":1,"creeperoverhaul:bamboo_creeper":2,"minecraft:sheep":1,"minecraft:skeleton":2,"minecraft:zombie":5,"friendsandfoes:mauler":1,"minecraft:player":1,"minecraft:enderman":1,"minecraft:cow":2},"minecraft:crafted":{"minecraft:jungle_button":1,"minecraft:crafting_table":2,"ecologics:coconut_planks":28,"minecraft:jungle_boat":2,"minecraft:wooden_pickaxe":1,"minecraft:jungle_planks":88,"minecraft:stick":4,"minecraft:stone_pickaxe":1,"minecraft:wooden_axe":1}},"DataVersion":3465}