{"stats":{"minecraft:picked_up":{"minecraft:birch_log":16,"minecraft:crafting_table":1,"ecologics:walnut":8,"minecraft:cooked_beef":12,"minecraft:wooden_pickaxe":1,"minecraft:potion":2,"minecraft:dirt":8,"minecraft:apple":10,"ecologics:walnut_sapling":12,"minecraft:wheat_seeds":5,"minecraft:iron_ingot":2,"minecraft:stone_pickaxe":1,"minecraft:calcite":20,"minecraft:light_gray_wool":8,"minecraft:melon_slice":2,"minecraft:birch_sapling":1,"ecologics:crab_claw":2,"minecraft:furnace":1,"minecraft:raw_iron":10,"minecraft:stick":49,"ecologics:walnut_log":4,"minecraft:pumpkin":2,"ecologics:coconut_slice":44,"ecologics:coconut_seedling":15,"ecologics:coconut_husk":22,"minecraft:spruce_sapling":5,"minecraft:carrot":4,"minecraft:spruce_log":13,"minecraft:stone_sword":1,"minecraft:arrow":4,"minecraft:stone_axe":1,"ecologics:coconut_log":56,"minecraft:gold_ingot":4,"minecraft:coal":14,"minecraft:cobblestone":27},"minecraft:mined":{"minecraft:powder_snow":1,"minecraft:crafting_table":1,"minecraft:grass_block":4,"minecraft:calcite":20,"minecraft:chest":1,"minecraft:light_gray_bed":1,"minecraft:cobblestone":1,"minecraft:tall_grass":12,"minecraft:deepslate_coal_ore":4,"ecologics:coconut_log":2,"minecraft:spruce_leaves":2,"minecraft:light_gray_wool":13,"minecraft:pumpkin":1,"treechop:chopped_log":9,"minecraft:grass":30,"minecraft:coal_ore":10,"minecraft:deepslate_iron_ore":10,"minecraft:dirt":6,"minecraft:stone":20,"immersive_weathering:ecologics/walnut_leaf_pile":2,"ecologics:coconut_seedling":2},"minecraft:killed_by":{"minecraft:vindicator":1},"minecraft:used":{"minecraft:cooked_mutton":2,"minecraft:stone_sword":21,"minecraft:stone_pickaxe":50,"minecraft:chest":2,"minecraft:wooden_pickaxe":28,"minecraft:dirt":8,"minecraft:crafting_table":3,"minecraft:apple":1,"minecraft:stone_axe":108,"ecologics:coconut_slice":23,"ecologics:coconut_log":1,"minecraft:furnace":1,"ecologics:walnut":7,"minecraft:pumpkin_pie":1,"ecologics:coconut_seedling":2,"minecraft:light_gray_bed":1},"minecraft:dropped":{"ecologics:coconut_log":3,"minecraft:cobblestone":4,"minecraft:stick":1,"ecologics:walnut":1},"minecraft:crafted":{"minecraft:cooked_beef":6,"minecraft:cooked_porkchop":13,"minecraft:crafting_table":2,"ecologics:coconut_planks":108,"minecraft:cooked_chicken":1,"minecraft:wooden_pickaxe":1,"ecologics:walnut_planks":16,"minecraft:furnace":1,"minecraft:stone_axe":1,"minecraft:air":0,"minecraft:light_gray_bed":1,"minecraft:stick":8,"minecraft:stone_pickaxe":1,"minecraft:stone_sword":1,"minecraft:chest":2},"minecraft:killed":{"naturalist:coral_snake":1,"minecraft:pillager":1,"minecraft:zombie":1,"ecologics:coconut_crab":3,"minecraft:player":1},"minecraft:custom":{"minecraft:interact_with_furnace":6,"minecraft:mob_kills":7,"minecraft:interact_with_crafting_table":6,"minecraft:leave_game":1,"minecraft:time_since_death":25301,"minecraft:sleep_in_bed":3,"minecraft:climb_one_cm":1220,"minecraft:time_since_rest":9613,"minecraft:sprint_one_cm":97709,"minecraft:damage_taken":650,"minecraft:walk_one_cm":185577,"minecraft:drop":4,"minecraft:damage_dealt":1851,"minecraft:swim_one_cm":2478,"minecraft:talked_to_villager":4,"minecraft:fly_one_cm":86490,"minecraft:player_kills":1,"minecraft:open_chest":25,"minecraft:crouch_one_cm":106,"minecraft:play_time":35152,"minecraft:deaths":1,"minecraft:sneak_time":78,"minecraft:walk_under_water_one_cm":163,"minecraft:jump":593,"minecraft:walk_on_water_one_cm":1841,"minecraft:total_world_time":35152,"minecraft:interact_with_smoker":5,"minecraft:fall_one_cm":9940}},"DataVersion":3465}