{"stats":{"minecraft:crafted":{"minecraft:crafting_table":1,"minecraft:wooden_pickaxe":1,"minecraft:dark_oak_planks":60},"minecraft:used":{"minecraft:redstone_torch":4,"minecraft:apple":2,"minecraft:bread":8,"minecraft:wooden_pickaxe":31,"minecraft:leather_boots":1,"minecraft:rotten_flesh":4,"minecraft:sand":22,"minecraft:crafting_table":1,"minecraft:carrot":2,"minecraft:potato":4},"minecraft:mined":{"immersive_weathering:icicle":2,"minecraft:redstone_torch":3,"minecraft:ice":2,"minecraft:dark_oak_log":1,"ecologics:thin_ice":2,"minecraft:grass":2,"minecraft:grass_block":3,"minecraft:dirt":4,"minecraft:sand":31,"minecraft:packed_ice":27,"minecraft:stone":23,"immersive_weathering:dark_oak_leaf_pile":2},"minecraft:picked_up":{"minecraft:dark_oak_sapling":4,"minecraft:stick":2,"minecraft:brown_mushroom":1,"minecraft:sand":50,"minecraft:dark_oak_log":16,"minecraft:dirt":7,"minecraft:apple":2,"minecraft:kelp":4,"minecraft:redstone_torch":5,"minecraft:cobblestone":23},"minecraft:dropped":{"minecraft:bread":1,"minecraft:potato":2,"minecraft:rotten_flesh":7,"minecraft:carrot":3},"minecraft:custom":{"minecraft:time_since_rest":67014,"minecraft:sprint_one_cm":68982,"minecraft:walk_one_cm":115182,"minecraft:damage_taken":496,"minecraft:drop":13,"minecraft:damage_dealt":28,"minecraft:swim_one_cm":570397,"minecraft:interact_with_crafting_table":1,"minecraft:fly_one_cm":161585,"minecraft:open_chest":3,"minecraft:play_time":67014,"minecraft:sneak_time":99,"minecraft:walk_under_water_one_cm":45299,"minecraft:jump":626,"minecraft:leave_game":2,"minecraft:time_since_death":67014,"minecraft:walk_on_water_one_cm":83401,"minecraft:total_world_time":67014,"minecraft:climb_one_cm":8,"minecraft:fall_one_cm":10546}},"DataVersion":3465}