{
  "minecraft:recipes/decorations/crafting_table": {
    "criteria": {
      "unlock_right_away": "2024-06-07 19:30:30 +0000"
    },
    "done": true
  },
  "minecraft:adventure/adventuring_time": {
    "criteria": {
      "minecraft:cherry_grove": "2024-06-07 19:31:48 +0000",
      "minecraft:sparse_jungle": "2024-06-07 19:34:06 +0000",
      "minecraft:jagged_peaks": "2024-06-07 19:31:13 +0000",
      "minecraft:desert": "2024-06-07 19:32:52 +0000",
      "minecraft:frozen_peaks": "2024-06-07 19:31:20 +0000",
      "minecraft:meadow": "2024-06-07 19:31:50 +0000"
    },
    "done": false
  },
  "DataVersion": 3465
}