{
  "minecraft:recipes/decorations/crafting_table": {
    "criteria": {
      "unlock_right_away": "2024-06-07 00:53:57 +0000"
    },
    "done": true
  },
  "minecraft:adventure/adventuring_time": {
    "criteria": {
      "minecraft:taiga": "2024-06-07 01:27:07 +0000",
      "minecraft:bamboo_jungle": "2024-06-07 01:26:07 +0000",
      "minecraft:dark_forest": "2024-06-07 01:25:59 +0000",
      "minecraft:sparse_jungle": "2024-06-07 01:26:16 +0000",
      "minecraft:grove": "2024-06-07 01:57:57 +0000",
      "minecraft:jagged_peaks": "2024-06-07 01:48:14 +0000",
      "minecraft:frozen_peaks": "2024-06-07 01:27:09 +0000"
    },
    "done": false
  },
  "minecraft:recipes/decorations/snow": {
    "criteria": {
      "has_snowball": "2024-06-07 01:35:59 +0000"
    },
    "done": true
  },
  "minecraft:recipes/building_blocks/snow_block": {
    "criteria": {
      "has_snowball": "2024-06-07 01:35:59 +0000"
    },
    "done": true
  },
  "DataVersion": 3465
}