{
  "minecraft:recipes/decorations/crafting_table": {
    "criteria": {
      "unlock_right_away": "2024-06-07 21:22:34 +0000"
    },
    "done": true
  },
  "minecraft:adventure/adventuring_time": {
    "criteria": {
      "minecraft:badlands": "2024-06-07 21:22:36 +0000",
      "minecraft:river": "2024-06-07 21:25:57 +0000",
      "minecraft:desert": "2024-06-07 21:22:48 +0000"
    },
    "done": false
  },
  "supplementaries:adventure/way_sign": {
    "criteria": {
      "bastion": "2024-06-07 21:25:36 +0000"
    },
    "done": true
  },
  "DataVersion": 3465
}